Folder,ImageName,Emotion,Label
gdrive/My Drive/FER-Model/CK+/neutral/,S044_003_00000001.png,neutral,5
gdrive/My Drive/FER-Model/CK+/neutral/,S098_003_00000001.png,neutral,5
gdrive/My Drive/FER-Model/CK+/surprise/,S063_001_00000013.png,surprise,7
gdrive/My Drive/FER-Model/CK+/surprise/,S056_003_00000010.png,surprise,7
gdrive/My Drive/FER-Model/CK+/neutral/,S077_001_00000001.png,neutral,5
gdrive/My Drive/FER-Model/CK+/neutral/,S070_003_00000001.png,neutral,5
gdrive/My Drive/FER-Model/CK+/neutral/,S065_002_00000001.png,neutral,5
gdrive/My Drive/FER-Model/CK+/disgust/,S055_003_00000009.png,disgust,2
gdrive/My Drive/FER-Model/CK+/neutral/,S117_001_00000001.png,neutral,5
gdrive/My Drive/FER-Model/CK+/surprise/,S084_001_00000010.png,surprise,7
gdrive/My Drive/FER-Model/CK+/neutral/,S124_002_00000001.png,neutral,5
gdrive/My Drive/FER-Model/CK+/neutral/,S080_008_00000001.png,neutral,5
gdrive/My Drive/FER-Model/CK+/neutral/,S087_001_00000001.png,neutral,5
gdrive/My Drive/FER-Model/CK+/sadness/,S095_010_00000014.png,sadness,6
gdrive/My Drive/FER-Model/CK+/happiness/,S086_002_00000015.png,happiness,4
gdrive/My Drive/FER-Model/CK+/neutral/,S136_005_00000001.png,neutral,5
gdrive/My Drive/FER-Model/CK+/disgust/,S090_006_00000011.png,disgust,2
gdrive/My Drive/FER-Model/CK+/happiness/,S014_005_00000017.png,happiness,4
gdrive/My Drive/FER-Model/CK+/surprise/,S062_002_00000016.png,surprise,7
gdrive/My Drive/FER-Model/CK+/neutral/,S129_002_00000001.png,neutral,5
gdrive/My Drive/FER-Model/CK+/neutral/,S066_005_00000001.png,neutral,5
gdrive/My Drive/FER-Model/CK+/neutral/,S106_003_00000001.png,neutral,5
gdrive/My Drive/FER-Model/CK+/neutral/,S097_004_00000001.png,neutral,5
gdrive/My Drive/FER-Model/CK+/neutral/,S133_009_00000001.png,neutral,5
gdrive/My Drive/FER-Model/CK+/fear/,S501_004_00000056.png,fear,3
gdrive/My Drive/FER-Model/CK+/anger/,S058_005_00000010.png,anger,0
gdrive/My Drive/FER-Model/CK+/neutral/,S073_005_00000001.png,neutral,5
gdrive/My Drive/FER-Model/CK+/neutral/,S042_005_00000001.png,neutral,5
gdrive/My Drive/FER-Model/CK+/surprise/,S092_001_00000017.png,surprise,7
gdrive/My Drive/FER-Model/CK+/neutral/,S098_004_00000001.png,neutral,5
gdrive/My Drive/FER-Model/CK+/neutral/,S108_005_00000001.png,neutral,5
gdrive/My Drive/FER-Model/CK+/neutral/,S072_004_00000001.png,neutral,5
gdrive/My Drive/FER-Model/CK+/sadness/,S064_004_00000014.png,sadness,6
gdrive/My Drive/FER-Model/CK+/neutral/,S127_002_00000001.png,neutral,5
gdrive/My Drive/FER-Model/CK+/neutral/,S135_002_00000001.png,neutral,5
gdrive/My Drive/FER-Model/CK+/neutral/,S070_002_00000001.png,neutral,5
gdrive/My Drive/FER-Model/CK+/neutral/,S126_004_00000001.png,neutral,5
gdrive/My Drive/FER-Model/CK+/disgust/,S129_011_00000018.png,disgust,2
gdrive/My Drive/FER-Model/CK+/neutral/,S130_008_00000001.png,neutral,5
gdrive/My Drive/FER-Model/CK+/neutral/,S032_003_00000001.png,neutral,5
gdrive/My Drive/FER-Model/CK+/happiness/,S109_006_00000015.png,happiness,4
gdrive/My Drive/FER-Model/CK+/neutral/,S093_002_00000001.png,neutral,5
gdrive/My Drive/FER-Model/CK+/neutral/,S131_003_00000001.png,neutral,5
gdrive/My Drive/FER-Model/CK+/neutral/,S503_002_00000001.png,neutral,5
gdrive/My Drive/FER-Model/CK+/neutral/,S129_006_00000001.png,neutral,5
gdrive/My Drive/FER-Model/CK+/neutral/,S032_001_00000001.png,neutral,5
gdrive/My Drive/FER-Model/CK+/neutral/,S110_006_00000001.png,neutral,5
gdrive/My Drive/FER-Model/CK+/neutral/,S104_001_00000001.png,neutral,5
gdrive/My Drive/FER-Model/CK+/neutral/,S094_003_00000001.png,neutral,5
gdrive/My Drive/FER-Model/CK+/neutral/,S125_002_00000001.png,neutral,5
gdrive/My Drive/FER-Model/CK+/neutral/,S102_007_00000001.png,neutral,5
gdrive/My Drive/FER-Model/CK+/neutral/,S111_007_00000001.png,neutral,5
gdrive/My Drive/FER-Model/CK+/neutral/,S075_006_00000001.png,neutral,5
gdrive/My Drive/FER-Model/CK+/neutral/,S126_008_00000001.png,neutral,5
gdrive/My Drive/FER-Model/CK+/neutral/,S054_002_00000001.png,neutral,5
gdrive/My Drive/FER-Model/CK+/neutral/,S138_006_00000001.png,neutral,5
gdrive/My Drive/FER-Model/CK+/happiness/,S116_007_00000017.png,happiness,4
gdrive/My Drive/FER-Model/CK+/neutral/,S070_005_00000001.png,neutral,5
gdrive/My Drive/FER-Model/CK+/neutral/,S067_002_00000001.png,neutral,5
gdrive/My Drive/FER-Model/CK+/surprise/,S064_001_00000012.png,surprise,7
gdrive/My Drive/FER-Model/CK+/neutral/,S069_003_00000001.png,neutral,5
gdrive/My Drive/FER-Model/CK+/neutral/,S091_001_00000001.png,neutral,5
gdrive/My Drive/FER-Model/CK+/neutral/,S119_003_00000001.png,neutral,5
gdrive/My Drive/FER-Model/CK+/disgust/,S032_005_00000016.png,disgust,2
gdrive/My Drive/FER-Model/CK+/neutral/,S099_001_00000001.png,neutral,5
gdrive/My Drive/FER-Model/CK+/neutral/,S102_001_00000001.png,neutral,5
gdrive/My Drive/FER-Model/CK+/disgust/,S046_004_00000017.png,disgust,2
gdrive/My Drive/FER-Model/CK+/neutral/,S095_006_00000001.png,neutral,5
gdrive/My Drive/FER-Model/CK+/neutral/,S032_004_00000001.png,neutral,5
gdrive/My Drive/FER-Model/CK+/surprise/,S125_007_00000009.png,surprise,7
gdrive/My Drive/FER-Model/CK+/neutral/,S110_002_00000001.png,neutral,5
gdrive/My Drive/FER-Model/CK+/sadness/,S046_001_00000025.png,sadness,6
gdrive/My Drive/FER-Model/CK+/fear/,S032_004_00000014.png,fear,3
gdrive/My Drive/FER-Model/CK+/disgust/,S076_005_00000012.png,disgust,2
gdrive/My Drive/FER-Model/CK+/neutral/,S072_006_00000001.png,neutral,5
gdrive/My Drive/FER-Model/CK+/neutral/,S061_004_00000001.png,neutral,5
gdrive/My Drive/FER-Model/CK+/neutral/,S124_003_00000001.png,neutral,5
gdrive/My Drive/FER-Model/CK+/disgust/,S099_007_00000012.png,disgust,2
gdrive/My Drive/FER-Model/CK+/neutral/,S075_003_00000001.png,neutral,5
gdrive/My Drive/FER-Model/CK+/neutral/,S071_001_00000001.png,neutral,5
gdrive/My Drive/FER-Model/CK+/anger/,S136_005_00000010.png,anger,0
gdrive/My Drive/FER-Model/CK+/happiness/,S071_005_00000021.png,happiness,4
gdrive/My Drive/FER-Model/CK+/anger/,S100_005_00000023.png,anger,0
gdrive/My Drive/FER-Model/CK+/surprise/,S114_001_00000018.png,surprise,7
gdrive/My Drive/FER-Model/CK+/neutral/,S107_004_00000001.png,neutral,5
gdrive/My Drive/FER-Model/CK+/surprise/,S135_001_00000039.png,surprise,7
gdrive/My Drive/FER-Model/CK+/neutral/,S113_005_00000001.png,neutral,5
gdrive/My Drive/FER-Model/CK+/neutral/,S116_006_00000001.png,neutral,5
gdrive/My Drive/FER-Model/CK+/anger/,S026_003_00000015.png,anger,0
gdrive/My Drive/FER-Model/CK+/neutral/,S046_001_00000001.png,neutral,5
gdrive/My Drive/FER-Model/CK+/neutral/,S091_003_00000001.png,neutral,5
gdrive/My Drive/FER-Model/CK+/neutral/,S074_001_00000001.png,neutral,5
gdrive/My Drive/FER-Model/CK+/neutral/,S077_002_00000001.png,neutral,5
gdrive/My Drive/FER-Model/CK+/neutral/,S148_002_00000001.png,neutral,5
gdrive/My Drive/FER-Model/CK+/neutral/,S087_006_00000001.png,neutral,5
gdrive/My Drive/FER-Model/CK+/disgust/,S044_006_00000019.png,disgust,2
gdrive/My Drive/FER-Model/CK+/neutral/,S108_008_00000001.png,neutral,5
gdrive/My Drive/FER-Model/CK+/surprise/,S057_001_00000019.png,surprise,7
gdrive/My Drive/FER-Model/CK+/neutral/,S131_010_00000001.png,neutral,5
gdrive/My Drive/FER-Model/CK+/surprise/,S042_001_00000019.png,surprise,7
gdrive/My Drive/FER-Model/CK+/sadness/,S071_002_00000020.png,sadness,6
gdrive/My Drive/FER-Model/CK+/neutral/,S071_003_00000001.png,neutral,5
gdrive/My Drive/FER-Model/CK+/neutral/,S130_013_00000001.png,neutral,5
gdrive/My Drive/FER-Model/CK+/neutral/,S102_003_00000001.png,neutral,5
gdrive/My Drive/FER-Model/CK+/disgust/,S130_012_00000011.png,disgust,2
gdrive/My Drive/FER-Model/CK+/neutral/,S100_006_00000001.png,neutral,5
gdrive/My Drive/FER-Model/CK+/happiness/,S069_004_00000017.png,happiness,4
gdrive/My Drive/FER-Model/CK+/surprise/,S077_001_00000028.png,surprise,7
gdrive/My Drive/FER-Model/CK+/neutral/,S077_005_00000001.png,neutral,5
gdrive/My Drive/FER-Model/CK+/neutral/,S101_004_00000001.png,neutral,5
gdrive/My Drive/FER-Model/CK+/neutral/,S071_005_00000001.png,neutral,5
gdrive/My Drive/FER-Model/CK+/neutral/,S116_003_00000001.png,neutral,5
gdrive/My Drive/FER-Model/CK+/neutral/,S077_007_00000001.png,neutral,5
gdrive/My Drive/FER-Model/CK+/neutral/,S115_005_00000001.png,neutral,5
gdrive/My Drive/FER-Model/CK+/neutral/,S136_006_00000001.png,neutral,5
gdrive/My Drive/FER-Model/CK+/neutral/,S022_006_00000001.png,neutral,5
gdrive/My Drive/FER-Model/CK+/neutral/,S122_005_00000001.png,neutral,5
gdrive/My Drive/FER-Model/CK+/neutral/,S068_001_00000001.png,neutral,5
gdrive/My Drive/FER-Model/CK+/neutral/,S117_003_00000001.png,neutral,5
gdrive/My Drive/FER-Model/CK+/neutral/,S136_001_00000001.png,neutral,5
gdrive/My Drive/FER-Model/CK+/neutral/,S087_005_00000001.png,neutral,5
gdrive/My Drive/FER-Model/CK+/neutral/,S110_003_00000001.png,neutral,5
gdrive/My Drive/FER-Model/CK+/neutral/,S052_006_00000001.png,neutral,5
gdrive/My Drive/FER-Model/CK+/surprise/,S124_001_00000014.png,surprise,7
gdrive/My Drive/FER-Model/CK+/neutral/,S050_003_00000001.png,neutral,5
gdrive/My Drive/FER-Model/CK+/neutral/,S103_008_00000001.png,neutral,5
gdrive/My Drive/FER-Model/CK+/anger/,S109_003_00000017.png,anger,0
gdrive/My Drive/FER-Model/CK+/neutral/,S005_001_00000001.png,neutral,5
gdrive/My Drive/FER-Model/CK+/happiness/,S062_004_00000024.png,happiness,4
gdrive/My Drive/FER-Model/CK+/disgust/,S075_005_00000012.png,disgust,2
gdrive/My Drive/FER-Model/CK+/neutral/,S082_001_00000001.png,neutral,5
gdrive/My Drive/FER-Model/CK+/happiness/,S026_006_00000013.png,happiness,4
gdrive/My Drive/FER-Model/CK+/neutral/,S111_005_00000001.png,neutral,5
gdrive/My Drive/FER-Model/CK+/neutral/,S097_002_00000001.png,neutral,5
gdrive/My Drive/FER-Model/CK+/neutral/,S103_007_00000001.png,neutral,5
gdrive/My Drive/FER-Model/CK+/neutral/,S109_001_00000001.png,neutral,5
gdrive/My Drive/FER-Model/CK+/neutral/,S103_003_00000001.png,neutral,5
gdrive/My Drive/FER-Model/CK+/disgust/,S069_003_00000011.png,disgust,2
gdrive/My Drive/FER-Model/CK+/neutral/,S051_003_00000001.png,neutral,5
gdrive/My Drive/FER-Model/CK+/neutral/,S135_012_00000001.png,neutral,5
gdrive/My Drive/FER-Model/CK+/neutral/,S131_006_00000001.png,neutral,5
gdrive/My Drive/FER-Model/CK+/neutral/,S107_003_00000001.png,neutral,5
gdrive/My Drive/FER-Model/CK+/neutral/,S093_003_00000001.png,neutral,5
gdrive/My Drive/FER-Model/CK+/happiness/,S136_006_00000020.png,happiness,4
gdrive/My Drive/FER-Model/CK+/sadness/,S138_007_00000011.png,sadness,6
gdrive/My Drive/FER-Model/CK+/neutral/,S087_002_00000001.png,neutral,5
gdrive/My Drive/FER-Model/CK+/neutral/,S085_004_00000001.png,neutral,5
gdrive/My Drive/FER-Model/CK+/neutral/,S056_004_00000001.png,neutral,5
gdrive/My Drive/FER-Model/CK+/neutral/,S126_001_00000001.png,neutral,5
gdrive/My Drive/FER-Model/CK+/neutral/,S057_004_00000001.png,neutral,5
gdrive/My Drive/FER-Model/CK+/neutral/,S106_002_00000001.png,neutral,5
gdrive/My Drive/FER-Model/CK+/disgust/,S105_008_00000010.png,disgust,2
gdrive/My Drive/FER-Model/CK+/neutral/,S086_001_00000001.png,neutral,5
gdrive/My Drive/FER-Model/CK+/happiness/,S124_007_00000024.png,happiness,4
gdrive/My Drive/FER-Model/CK+/neutral/,S026_005_00000001.png,neutral,5
gdrive/My Drive/FER-Model/CK+/neutral/,S044_004_00000001.png,neutral,5
gdrive/My Drive/FER-Model/CK+/happiness/,S128_011_00000016.png,happiness,4
gdrive/My Drive/FER-Model/CK+/neutral/,S124_006_00000001.png,neutral,5
gdrive/My Drive/FER-Model/CK+/neutral/,S055_002_00000001.png,neutral,5
gdrive/My Drive/FER-Model/CK+/sadness/,S115_004_00000017.png,sadness,6
gdrive/My Drive/FER-Model/CK+/happiness/,S011_006_00000013.png,happiness,4
gdrive/My Drive/FER-Model/CK+/neutral/,S065_005_00000001.png,neutral,5
gdrive/My Drive/FER-Model/CK+/neutral/,S011_001_00000001.png,neutral,5
gdrive/My Drive/FER-Model/CK+/anger/,S129_006_00000010.png,anger,0
gdrive/My Drive/FER-Model/CK+/neutral/,S110_004_00000001.png,neutral,5
gdrive/My Drive/FER-Model/CK+/neutral/,S062_002_00000001.png,neutral,5
gdrive/My Drive/FER-Model/CK+/neutral/,S095_007_00000001.png,neutral,5
gdrive/My Drive/FER-Model/CK+/anger/,S071_004_00000028.png,anger,0
gdrive/My Drive/FER-Model/CK+/surprise/,S110_001_00000013.png,surprise,7
gdrive/My Drive/FER-Model/CK+/neutral/,S044_001_00000001.png,neutral,5
gdrive/My Drive/FER-Model/CK+/neutral/,S095_003_00000001.png,neutral,5
gdrive/My Drive/FER-Model/CK+/neutral/,S063_002_00000001.png,neutral,5
gdrive/My Drive/FER-Model/CK+/surprise/,S090_002_00000011.png,surprise,7
gdrive/My Drive/FER-Model/CK+/neutral/,S077_006_00000001.png,neutral,5
gdrive/My Drive/FER-Model/CK+/surprise/,S014_001_00000029.png,surprise,7
gdrive/My Drive/FER-Model/CK+/neutral/,S139_002_00000001.png,neutral,5
gdrive/My Drive/FER-Model/CK+/neutral/,S080_002_00000001.png,neutral,5
gdrive/My Drive/FER-Model/CK+/neutral/,S014_004_00000001.png,neutral,5
gdrive/My Drive/FER-Model/CK+/happiness/,S057_006_00000033.png,happiness,4
gdrive/My Drive/FER-Model/CK+/neutral/,S034_004_00000001.png,neutral,5
gdrive/My Drive/FER-Model/CK+/fear/,S059_002_00000017.png,fear,3
gdrive/My Drive/FER-Model/CK+/neutral/,S105_001_00000001.png,neutral,5
gdrive/My Drive/FER-Model/CK+/sadness/,S130_009_00000019.png,sadness,6
gdrive/My Drive/FER-Model/CK+/surprise/,S107_001_00000010.png,surprise,7
gdrive/My Drive/FER-Model/CK+/sadness/,S504_006_00000018.png,sadness,6
gdrive/My Drive/FER-Model/CK+/happiness/,S010_006_00000015.png,happiness,4
gdrive/My Drive/FER-Model/CK+/happiness/,S133_010_00000014.png,happiness,4
gdrive/My Drive/FER-Model/CK+/sadness/,S113_003_00000015.png,sadness,6
gdrive/My Drive/FER-Model/CK+/neutral/,S095_010_00000001.png,neutral,5
gdrive/My Drive/FER-Model/CK+/neutral/,S034_005_00000001.png,neutral,5
gdrive/My Drive/FER-Model/CK+/neutral/,S066_004_00000001.png,neutral,5
gdrive/My Drive/FER-Model/CK+/anger/,S010_004_00000019.png,anger,0
gdrive/My Drive/FER-Model/CK+/surprise/,S069_002_00000014.png,surprise,7
gdrive/My Drive/FER-Model/CK+/neutral/,S067_006_00000001.png,neutral,5
gdrive/My Drive/FER-Model/CK+/neutral/,S075_005_00000001.png,neutral,5
gdrive/My Drive/FER-Model/CK+/neutral/,S105_007_00000001.png,neutral,5
gdrive/My Drive/FER-Model/CK+/happiness/,S035_006_00000018.png,happiness,4
gdrive/My Drive/FER-Model/CK+/neutral/,S134_003_00000001.png,neutral,5
gdrive/My Drive/FER-Model/CK+/neutral/,S076_005_00000001.png,neutral,5
gdrive/My Drive/FER-Model/CK+/neutral/,S116_001_00000001.png,neutral,5
gdrive/My Drive/FER-Model/CK+/neutral/,S106_006_00000001.png,neutral,5
gdrive/My Drive/FER-Model/CK+/anger/,S082_005_00000017.png,anger,0
gdrive/My Drive/FER-Model/CK+/neutral/,S134_008_00000001.png,neutral,5
gdrive/My Drive/FER-Model/CK+/neutral/,S064_002_00000001.png,neutral,5
gdrive/My Drive/FER-Model/CK+/neutral/,S072_001_00000001.png,neutral,5
gdrive/My Drive/FER-Model/CK+/surprise/,S133_009_00000006.png,surprise,7
gdrive/My Drive/FER-Model/CK+/happiness/,S055_005_00000045.png,happiness,4
gdrive/My Drive/FER-Model/CK+/neutral/,S108_003_00000001.png,neutral,5
gdrive/My Drive/FER-Model/CK+/happiness/,S034_005_00000010.png,happiness,4
gdrive/My Drive/FER-Model/CK+/neutral/,S129_007_00000001.png,neutral,5
gdrive/My Drive/FER-Model/CK+/neutral/,S156_002_00000001.png,neutral,5
gdrive/My Drive/FER-Model/CK+/anger/,S133_003_00000047.png,anger,0
gdrive/My Drive/FER-Model/CK+/anger/,S089_003_00000036.png,anger,0
gdrive/My Drive/FER-Model/CK+/neutral/,S125_007_00000001.png,neutral,5
gdrive/My Drive/FER-Model/CK+/neutral/,S069_002_00000001.png,neutral,5
gdrive/My Drive/FER-Model/CK+/neutral/,S042_006_00000001.png,neutral,5
gdrive/My Drive/FER-Model/CK+/neutral/,S106_005_00000001.png,neutral,5
gdrive/My Drive/FER-Model/CK+/disgust/,S005_001_00000011.png,disgust,2
gdrive/My Drive/FER-Model/CK+/neutral/,S062_005_00000001.png,neutral,5
gdrive/My Drive/FER-Model/CK+/neutral/,S124_007_00000001.png,neutral,5
gdrive/My Drive/FER-Model/CK+/neutral/,S501_004_00000001.png,neutral,5
gdrive/My Drive/FER-Model/CK+/sadness/,S093_001_00000020.png,sadness,6
gdrive/My Drive/FER-Model/CK+/neutral/,S100_001_00000001.png,neutral,5
gdrive/My Drive/FER-Model/CK+/fear/,S046_003_00000016.png,fear,3
gdrive/My Drive/FER-Model/CK+/anger/,S999_001_00000018.png,anger,0
gdrive/My Drive/FER-Model/CK+/neutral/,S133_003_00000001.png,neutral,5
gdrive/My Drive/FER-Model/CK+/fear/,S011_003_00000014.png,fear,3
gdrive/My Drive/FER-Model/CK+/neutral/,S130_004_00000001.png,neutral,5
gdrive/My Drive/FER-Model/CK+/neutral/,S504_004_00000001.png,neutral,5
gdrive/My Drive/FER-Model/CK+/neutral/,S078_004_00000001.png,neutral,5
gdrive/My Drive/FER-Model/CK+/surprise/,S129_002_00000011.png,surprise,7
gdrive/My Drive/FER-Model/CK+/neutral/,S011_003_00000001.png,neutral,5
gdrive/My Drive/FER-Model/CK+/fear/,S068_004_00000010.png,fear,3
gdrive/My Drive/FER-Model/CK+/neutral/,S114_002_00000001.png,neutral,5
gdrive/My Drive/FER-Model/CK+/neutral/,S112_004_00000001.png,neutral,5
gdrive/My Drive/FER-Model/CK+/neutral/,S070_001_00000001.png,neutral,5
gdrive/My Drive/FER-Model/CK+/neutral/,S125_006_00000001.png,neutral,5
gdrive/My Drive/FER-Model/CK+/neutral/,S069_004_00000001.png,neutral,5
gdrive/My Drive/FER-Model/CK+/surprise/,S132_008_00000010.png,surprise,7
gdrive/My Drive/FER-Model/CK+/neutral/,S122_002_00000001.png,neutral,5
gdrive/My Drive/FER-Model/CK+/neutral/,S502_004_00000001.png,neutral,5
gdrive/My Drive/FER-Model/CK+/disgust/,S057_003_00000015.png,disgust,2
gdrive/My Drive/FER-Model/CK+/neutral/,S107_006_00000001.png,neutral,5
gdrive/My Drive/FER-Model/CK+/surprise/,S022_001_00000030.png,surprise,7
gdrive/My Drive/FER-Model/CK+/disgust/,S051_003_00000018.png,disgust,2
gdrive/My Drive/FER-Model/CK+/neutral/,S099_003_00000001.png,neutral,5
gdrive/My Drive/FER-Model/CK+/neutral/,S505_006_00000001.png,neutral,5
gdrive/My Drive/FER-Model/CK+/anger/,S501_001_00000067.png,anger,0
gdrive/My Drive/FER-Model/CK+/disgust/,S067_006_00000011.png,disgust,2
gdrive/My Drive/FER-Model/CK+/surprise/,S035_001_00000015.png,surprise,7
gdrive/My Drive/FER-Model/CK+/neutral/,S101_002_00000001.png,neutral,5
gdrive/My Drive/FER-Model/CK+/sadness/,S505_006_00000019.png,sadness,6
gdrive/My Drive/FER-Model/CK+/neutral/,S089_001_00000001.png,neutral,5
gdrive/My Drive/FER-Model/CK+/happiness/,S137_011_00000020.png,happiness,4
gdrive/My Drive/FER-Model/CK+/neutral/,S105_004_00000001.png,neutral,5
gdrive/My Drive/FER-Model/CK+/surprise/,S070_002_00000016.png,surprise,7
gdrive/My Drive/FER-Model/CK+/fear/,S091_001_00000015.png,fear,3
gdrive/My Drive/FER-Model/CK+/neutral/,S119_008_00000001.png,neutral,5
gdrive/My Drive/FER-Model/CK+/anger/,S014_003_00000030.png,anger,0
gdrive/My Drive/FER-Model/CK+/happiness/,S085_002_00000014.png,happiness,4
gdrive/My Drive/FER-Model/CK+/neutral/,S129_001_00000001.png,neutral,5
gdrive/My Drive/FER-Model/CK+/neutral/,S111_001_00000001.png,neutral,5
gdrive/My Drive/FER-Model/CK+/neutral/,S085_003_00000001.png,neutral,5
gdrive/My Drive/FER-Model/CK+/neutral/,S103_001_00000001.png,neutral,5
gdrive/My Drive/FER-Model/CK+/neutral/,S042_004_00000001.png,neutral,5
gdrive/My Drive/FER-Model/CK+/neutral/,S022_005_00000001.png,neutral,5
gdrive/My Drive/FER-Model/CK+/neutral/,S100_005_00000001.png,neutral,5
gdrive/My Drive/FER-Model/CK+/neutral/,S114_006_00000001.png,neutral,5
gdrive/My Drive/FER-Model/CK+/neutral/,S083_001_00000001.png,neutral,5
gdrive/My Drive/FER-Model/CK+/neutral/,S158_002_00000001.png,neutral,5
gdrive/My Drive/FER-Model/CK+/neutral/,S113_001_00000001.png,neutral,5
gdrive/My Drive/FER-Model/CK+/happiness/,S076_006_00000019.png,happiness,4
gdrive/My Drive/FER-Model/CK+/neutral/,S095_004_00000001.png,neutral,5
gdrive/My Drive/FER-Model/CK+/neutral/,S022_001_00000001.png,neutral,5
gdrive/My Drive/FER-Model/CK+/neutral/,S056_003_00000001.png,neutral,5
gdrive/My Drive/FER-Model/CK+/neutral/,S056_001_00000001.png,neutral,5
gdrive/My Drive/FER-Model/CK+/surprise/,S136_001_00000019.png,surprise,7
gdrive/My Drive/FER-Model/CK+/neutral/,S086_002_00000001.png,neutral,5
gdrive/My Drive/FER-Model/CK+/fear/,S138_001_00000012.png,fear,3
gdrive/My Drive/FER-Model/CK+/happiness/,S087_005_00000012.png,happiness,4
gdrive/My Drive/FER-Model/CK+/neutral/,S116_005_00000001.png,neutral,5
gdrive/My Drive/FER-Model/CK+/neutral/,S076_003_00000001.png,neutral,5
gdrive/My Drive/FER-Model/CK+/neutral/,S090_006_00000001.png,neutral,5
gdrive/My Drive/FER-Model/CK+/neutral/,S136_002_00000001.png,neutral,5
gdrive/My Drive/FER-Model/CK+/disgust/,S080_008_00000009.png,disgust,2
gdrive/My Drive/FER-Model/CK+/fear/,S074_001_00000020.png,fear,3
gdrive/My Drive/FER-Model/CK+/fear/,S504_004_00000015.png,fear,3
gdrive/My Drive/FER-Model/CK+/neutral/,S105_008_00000001.png,neutral,5
gdrive/My Drive/FER-Model/CK+/neutral/,S117_007_00000001.png,neutral,5
gdrive/My Drive/FER-Model/CK+/neutral/,S064_001_00000001.png,neutral,5
gdrive/My Drive/FER-Model/CK+/disgust/,S070_005_00000016.png,disgust,2
gdrive/My Drive/FER-Model/CK+/surprise/,S050_002_00000018.png,surprise,7
gdrive/My Drive/FER-Model/CK+/neutral/,S504_001_00000001.png,neutral,5
gdrive/My Drive/FER-Model/CK+/neutral/,S071_006_00000001.png,neutral,5
gdrive/My Drive/FER-Model/CK+/neutral/,S130_001_00000001.png,neutral,5
gdrive/My Drive/FER-Model/CK+/contempt/,S156_002_00000021.png,contempt,1
gdrive/My Drive/FER-Model/CK+/neutral/,S116_002_00000001.png,neutral,5
gdrive/My Drive/FER-Model/CK+/neutral/,S121_005_00000001.png,neutral,5
gdrive/My Drive/FER-Model/CK+/surprise/,S079_001_00000012.png,surprise,7
gdrive/My Drive/FER-Model/CK+/happiness/,S093_004_00000016.png,happiness,4
gdrive/My Drive/FER-Model/CK+/neutral/,S136_003_00000001.png,neutral,5
gdrive/My Drive/FER-Model/CK+/neutral/,S126_002_00000001.png,neutral,5
gdrive/My Drive/FER-Model/CK+/neutral/,S026_002_00000001.png,neutral,5
gdrive/My Drive/FER-Model/CK+/surprise/,S010_002_00000014.png,surprise,7
gdrive/My Drive/FER-Model/CK+/neutral/,S060_003_00000001.png,neutral,5
gdrive/My Drive/FER-Model/CK+/neutral/,S068_004_00000001.png,neutral,5
gdrive/My Drive/FER-Model/CK+/neutral/,S032_006_00000001.png,neutral,5
gdrive/My Drive/FER-Model/CK+/neutral/,S045_005_00000001.png,neutral,5
gdrive/My Drive/FER-Model/CK+/neutral/,S046_005_00000001.png,neutral,5
gdrive/My Drive/FER-Model/CK+/neutral/,S102_008_00000001.png,neutral,5
gdrive/My Drive/FER-Model/CK+/disgust/,S058_006_00000018.png,disgust,2
gdrive/My Drive/FER-Model/CK+/neutral/,S107_005_00000001.png,neutral,5
gdrive/My Drive/FER-Model/CK+/neutral/,S060_001_00000001.png,neutral,5
gdrive/My Drive/FER-Model/CK+/neutral/,S102_009_00000001.png,neutral,5
gdrive/My Drive/FER-Model/CK+/neutral/,S119_006_00000001.png,neutral,5
gdrive/My Drive/FER-Model/CK+/contempt/,S505_002_00000021.png,contempt,1
gdrive/My Drive/FER-Model/CK+/neutral/,S118_003_00000001.png,neutral,5
gdrive/My Drive/FER-Model/CK+/neutral/,S136_004_00000001.png,neutral,5
gdrive/My Drive/FER-Model/CK+/surprise/,S122_001_00000012.png,surprise,7
gdrive/My Drive/FER-Model/CK+/neutral/,S061_001_00000001.png,neutral,5
gdrive/My Drive/FER-Model/CK+/neutral/,S062_004_00000001.png,neutral,5
gdrive/My Drive/FER-Model/CK+/neutral/,S074_002_00000001.png,neutral,5
gdrive/My Drive/FER-Model/CK+/neutral/,S063_001_00000001.png,neutral,5
gdrive/My Drive/FER-Model/CK+/neutral/,S109_004_00000001.png,neutral,5
gdrive/My Drive/FER-Model/CK+/neutral/,S501_001_00000001.png,neutral,5
gdrive/My Drive/FER-Model/CK+/neutral/,S119_004_00000001.png,neutral,5
gdrive/My Drive/FER-Model/CK+/neutral/,S088_002_00000001.png,neutral,5
gdrive/My Drive/FER-Model/CK+/disgust/,S073_006_00000014.png,disgust,2
gdrive/My Drive/FER-Model/CK+/neutral/,S105_002_00000001.png,neutral,5
gdrive/My Drive/FER-Model/CK+/fear/,S119_003_00000024.png,fear,3
gdrive/My Drive/FER-Model/CK+/disgust/,S061_004_00000022.png,disgust,2
gdrive/My Drive/FER-Model/CK+/neutral/,S130_002_00000001.png,neutral,5
gdrive/My Drive/FER-Model/CK+/surprise/,S119_001_00000011.png,surprise,7
gdrive/My Drive/FER-Model/CK+/neutral/,S069_001_00000001.png,neutral,5
gdrive/My Drive/FER-Model/CK+/neutral/,S084_002_00000001.png,neutral,5
gdrive/My Drive/FER-Model/CK+/neutral/,S111_004_00000001.png,neutral,5
gdrive/My Drive/FER-Model/CK+/neutral/,S066_001_00000001.png,neutral,5
gdrive/My Drive/FER-Model/CK+/disgust/,S132_005_00000016.png,disgust,2
gdrive/My Drive/FER-Model/CK+/anger/,S126_008_00000029.png,anger,0
gdrive/My Drive/FER-Model/CK+/neutral/,S121_003_00000001.png,neutral,5
gdrive/My Drive/FER-Model/CK+/neutral/,S010_003_00000001.png,neutral,5
gdrive/My Drive/FER-Model/CK+/contempt/,S504_002_00000009.png,contempt,1
gdrive/My Drive/FER-Model/CK+/neutral/,S104_002_00000001.png,neutral,5
gdrive/My Drive/FER-Model/CK+/neutral/,S121_002_00000001.png,neutral,5
gdrive/My Drive/FER-Model/CK+/neutral/,S121_001_00000001.png,neutral,5
gdrive/My Drive/FER-Model/CK+/neutral/,S085_001_00000001.png,neutral,5
gdrive/My Drive/FER-Model/CK+/neutral/,S127_001_00000001.png,neutral,5
gdrive/My Drive/FER-Model/CK+/disgust/,S134_008_00000013.png,disgust,2
gdrive/My Drive/FER-Model/CK+/neutral/,S138_004_00000001.png,neutral,5
gdrive/My Drive/FER-Model/CK+/neutral/,S068_002_00000001.png,neutral,5
gdrive/My Drive/FER-Model/CK+/fear/,S065_002_00000022.png,fear,3
gdrive/My Drive/FER-Model/CK+/happiness/,S131_006_00000022.png,happiness,4
gdrive/My Drive/FER-Model/CK+/neutral/,S138_002_00000001.png,neutral,5
gdrive/My Drive/FER-Model/CK+/neutral/,S132_006_00000001.png,neutral,5
gdrive/My Drive/FER-Model/CK+/contempt/,S155_002_00000012.png,contempt,1
gdrive/My Drive/FER-Model/CK+/neutral/,S037_001_00000001.png,neutral,5
gdrive/My Drive/FER-Model/CK+/neutral/,S079_002_00000001.png,neutral,5
gdrive/My Drive/FER-Model/CK+/neutral/,S026_003_00000001.png,neutral,5
gdrive/My Drive/FER-Model/CK+/contempt/,S139_002_00000013.png,contempt,1
gdrive/My Drive/FER-Model/CK+/disgust/,S060_005_00000021.png,disgust,2
gdrive/My Drive/FER-Model/CK+/neutral/,S107_001_00000001.png,neutral,5
gdrive/My Drive/FER-Model/CK+/neutral/,S057_001_00000001.png,neutral,5
gdrive/My Drive/FER-Model/CK+/anger/,S092_003_00000014.png,anger,0
gdrive/My Drive/FER-Model/CK+/neutral/,S101_003_00000001.png,neutral,5
gdrive/My Drive/FER-Model/CK+/neutral/,S080_003_00000001.png,neutral,5
gdrive/My Drive/FER-Model/CK+/surprise/,S138_004_00000013.png,surprise,7
gdrive/My Drive/FER-Model/CK+/surprise/,S097_001_00000021.png,surprise,7
gdrive/My Drive/FER-Model/CK+/neutral/,S115_004_00000001.png,neutral,5
gdrive/My Drive/FER-Model/CK+/neutral/,S010_005_00000001.png,neutral,5
gdrive/My Drive/FER-Model/CK+/neutral/,S088_003_00000001.png,neutral,5
gdrive/My Drive/FER-Model/CK+/neutral/,S076_002_00000001.png,neutral,5
gdrive/My Drive/FER-Model/CK+/neutral/,S045_003_00000001.png,neutral,5
gdrive/My Drive/FER-Model/CK+/neutral/,S028_001_00000001.png,neutral,5
gdrive/My Drive/FER-Model/CK+/neutral/,S128_004_00000001.png,neutral,5
gdrive/My Drive/FER-Model/CK+/neutral/,S073_003_00000001.png,neutral,5
gdrive/My Drive/FER-Model/CK+/surprise/,S066_002_00000022.png,surprise,7
gdrive/My Drive/FER-Model/CK+/anger/,S502_001_00000016.png,anger,0
gdrive/My Drive/FER-Model/CK+/neutral/,S054_001_00000001.png,neutral,5
gdrive/My Drive/FER-Model/CK+/neutral/,S045_001_00000001.png,neutral,5
gdrive/My Drive/FER-Model/CK+/neutral/,S088_004_00000001.png,neutral,5
gdrive/My Drive/FER-Model/CK+/neutral/,S134_004_00000001.png,neutral,5
gdrive/My Drive/FER-Model/CK+/neutral/,S042_003_00000001.png,neutral,5
gdrive/My Drive/FER-Model/CK+/neutral/,S100_004_00000001.png,neutral,5
gdrive/My Drive/FER-Model/CK+/contempt/,S502_002_00000009.png,contempt,1
gdrive/My Drive/FER-Model/CK+/happiness/,S050_006_00000023.png,happiness,4
gdrive/My Drive/FER-Model/CK+/contempt/,S154_002_00000013.png,contempt,1
gdrive/My Drive/FER-Model/CK+/neutral/,S098_002_00000001.png,neutral,5
gdrive/My Drive/FER-Model/CK+/happiness/,S114_006_00000023.png,happiness,4
gdrive/My Drive/FER-Model/CK+/neutral/,S114_004_00000001.png,neutral,5
gdrive/My Drive/FER-Model/CK+/neutral/,S108_007_00000001.png,neutral,5
gdrive/My Drive/FER-Model/CK+/neutral/,S093_004_00000001.png,neutral,5
gdrive/My Drive/FER-Model/CK+/neutral/,S044_002_00000001.png,neutral,5
gdrive/My Drive/FER-Model/CK+/neutral/,S046_004_00000001.png,neutral,5
gdrive/My Drive/FER-Model/CK+/surprise/,S073_001_00000013.png,surprise,7
gdrive/My Drive/FER-Model/CK+/surprise/,S053_001_00000023.png,surprise,7
gdrive/My Drive/FER-Model/CK+/surprise/,S100_002_00000015.png,surprise,7
gdrive/My Drive/FER-Model/CK+/neutral/,S067_004_00000001.png,neutral,5
gdrive/My Drive/FER-Model/CK+/neutral/,S032_002_00000001.png,neutral,5
gdrive/My Drive/FER-Model/CK+/neutral/,S099_004_00000001.png,neutral,5
gdrive/My Drive/FER-Model/CK+/neutral/,S035_001_00000001.png,neutral,5
gdrive/My Drive/FER-Model/CK+/neutral/,S074_004_00000001.png,neutral,5
gdrive/My Drive/FER-Model/CK+/neutral/,S080_001_00000001.png,neutral,5
gdrive/My Drive/FER-Model/CK+/neutral/,S076_001_00000001.png,neutral,5
gdrive/My Drive/FER-Model/CK+/neutral/,S097_001_00000001.png,neutral,5
gdrive/My Drive/FER-Model/CK+/happiness/,S052_004_00000033.png,happiness,4
gdrive/My Drive/FER-Model/CK+/neutral/,S101_001_00000001.png,neutral,5
gdrive/My Drive/FER-Model/CK+/anger/,S119_008_00000018.png,anger,0
gdrive/My Drive/FER-Model/CK+/neutral/,S115_006_00000001.png,neutral,5
gdrive/My Drive/FER-Model/CK+/neutral/,S120_001_00000001.png,neutral,5
gdrive/My Drive/FER-Model/CK+/neutral/,S032_005_00000001.png,neutral,5
gdrive/My Drive/FER-Model/CK+/neutral/,S129_011_00000001.png,neutral,5
gdrive/My Drive/FER-Model/CK+/neutral/,S090_002_00000001.png,neutral,5
gdrive/My Drive/FER-Model/CK+/anger/,S037_003_00000022.png,anger,0
gdrive/My Drive/FER-Model/CK+/neutral/,S096_004_00000001.png,neutral,5
gdrive/My Drive/FER-Model/CK+/neutral/,S071_002_00000001.png,neutral,5
gdrive/My Drive/FER-Model/CK+/surprise/,S137_001_00000014.png,surprise,7
gdrive/My Drive/FER-Model/CK+/neutral/,S096_002_00000001.png,neutral,5
gdrive/My Drive/FER-Model/CK+/disgust/,S011_005_00000020.png,disgust,2
gdrive/My Drive/FER-Model/CK+/fear/,S124_003_00000011.png,fear,3
gdrive/My Drive/FER-Model/CK+/neutral/,S065_001_00000001.png,neutral,5
gdrive/My Drive/FER-Model/CK+/neutral/,S089_002_00000001.png,neutral,5
gdrive/My Drive/FER-Model/CK+/surprise/,S075_002_00000014.png,surprise,7
gdrive/My Drive/FER-Model/CK+/neutral/,S127_004_00000001.png,neutral,5
gdrive/My Drive/FER-Model/CK+/neutral/,S066_002_00000001.png,neutral,5
gdrive/My Drive/FER-Model/CK+/neutral/,S045_004_00000001.png,neutral,5
gdrive/My Drive/FER-Model/CK+/anger/,S075_008_00000012.png,anger,0
gdrive/My Drive/FER-Model/CK+/neutral/,S133_010_00000001.png,neutral,5
gdrive/My Drive/FER-Model/CK+/happiness/,S125_005_00000013.png,happiness,4
gdrive/My Drive/FER-Model/CK+/neutral/,S112_001_00000001.png,neutral,5
gdrive/My Drive/FER-Model/CK+/contempt/,S503_002_00000008.png,contempt,1
gdrive/My Drive/FER-Model/CK+/neutral/,S096_001_00000001.png,neutral,5
gdrive/My Drive/FER-Model/CK+/sadness/,S501_006_00000041.png,sadness,6
gdrive/My Drive/FER-Model/CK+/neutral/,S046_002_00000001.png,neutral,5
gdrive/My Drive/FER-Model/CK+/neutral/,S082_005_00000001.png,neutral,5
gdrive/My Drive/FER-Model/CK+/neutral/,S067_003_00000001.png,neutral,5
gdrive/My Drive/FER-Model/CK+/surprise/,S052_001_00000015.png,surprise,7
gdrive/My Drive/FER-Model/CK+/neutral/,S128_005_00000001.png,neutral,5
gdrive/My Drive/FER-Model/CK+/neutral/,S083_004_00000001.png,neutral,5
gdrive/My Drive/FER-Model/CK+/neutral/,S137_005_00000001.png,neutral,5
gdrive/My Drive/FER-Model/CK+/neutral/,S103_006_00000001.png,neutral,5
gdrive/My Drive/FER-Model/CK+/neutral/,S080_004_00000001.png,neutral,5
gdrive/My Drive/FER-Model/CK+/neutral/,S137_011_00000001.png,neutral,5
gdrive/My Drive/FER-Model/CK+/neutral/,S124_001_00000001.png,neutral,5
gdrive/My Drive/FER-Model/CK+/neutral/,S116_004_00000001.png,neutral,5
gdrive/My Drive/FER-Model/CK+/disgust/,S081_008_00000011.png,disgust,2
gdrive/My Drive/FER-Model/CK+/neutral/,S058_001_00000001.png,neutral,5
gdrive/My Drive/FER-Model/CK+/neutral/,S051_002_00000001.png,neutral,5
gdrive/My Drive/FER-Model/CK+/fear/,S506_004_00000038.png,fear,3
gdrive/My Drive/FER-Model/CK+/neutral/,S506_002_00000001.png,neutral,5
gdrive/My Drive/FER-Model/CK+/neutral/,S044_006_00000001.png,neutral,5
gdrive/My Drive/FER-Model/CK+/neutral/,S109_005_00000001.png,neutral,5
gdrive/My Drive/FER-Model/CK+/happiness/,S100_006_00000016.png,happiness,4
gdrive/My Drive/FER-Model/CK+/surprise/,S126_004_00000012.png,surprise,7
gdrive/My Drive/FER-Model/CK+/anger/,S055_004_00000028.png,anger,0
gdrive/My Drive/FER-Model/CK+/happiness/,S092_004_00000024.png,happiness,4
gdrive/My Drive/FER-Model/CK+/neutral/,S075_008_00000001.png,neutral,5
gdrive/My Drive/FER-Model/CK+/neutral/,S037_005_00000001.png,neutral,5
gdrive/My Drive/FER-Model/CK+/sadness/,S131_003_00000024.png,sadness,6
gdrive/My Drive/FER-Model/CK+/neutral/,S093_001_00000001.png,neutral,5
gdrive/My Drive/FER-Model/CK+/happiness/,S098_004_00000015.png,happiness,4
gdrive/My Drive/FER-Model/CK+/neutral/,S107_002_00000001.png,neutral,5
gdrive/My Drive/FER-Model/CK+/neutral/,S108_004_00000001.png,neutral,5
gdrive/My Drive/FER-Model/CK+/surprise/,S089_001_00000016.png,surprise,7
gdrive/My Drive/FER-Model/CK+/neutral/,S052_004_00000001.png,neutral,5
gdrive/My Drive/FER-Model/CK+/neutral/,S112_003_00000001.png,neutral,5
gdrive/My Drive/FER-Model/CK+/anger/,S011_004_00000021.png,anger,0
gdrive/My Drive/FER-Model/CK+/neutral/,S035_006_00000001.png,neutral,5
gdrive/My Drive/FER-Model/CK+/anger/,S127_010_00000018.png,anger,0
gdrive/My Drive/FER-Model/CK+/neutral/,S101_005_00000001.png,neutral,5
gdrive/My Drive/FER-Model/CK+/neutral/,S071_004_00000001.png,neutral,5
gdrive/My Drive/FER-Model/CK+/neutral/,S131_002_00000001.png,neutral,5
gdrive/My Drive/FER-Model/CK+/anger/,S042_004_00000020.png,anger,0
gdrive/My Drive/FER-Model/CK+/disgust/,S085_004_00000017.png,disgust,2
gdrive/My Drive/FER-Model/CK+/neutral/,S109_002_00000001.png,neutral,5
gdrive/My Drive/FER-Model/CK+/happiness/,S127_004_00000016.png,happiness,4
gdrive/My Drive/FER-Model/CK+/happiness/,S091_003_00000021.png,happiness,4
gdrive/My Drive/FER-Model/CK+/neutral/,S102_006_00000001.png,neutral,5
gdrive/My Drive/FER-Model/CK+/neutral/,S109_006_00000001.png,neutral,5
gdrive/My Drive/FER-Model/CK+/sadness/,S132_002_00000018.png,sadness,6
gdrive/My Drive/FER-Model/CK+/neutral/,S035_004_00000001.png,neutral,5
gdrive/My Drive/FER-Model/CK+/disgust/,S128_004_00000013.png,disgust,2
gdrive/My Drive/FER-Model/CK+/disgust/,S108_006_00000020.png,disgust,2
gdrive/My Drive/FER-Model/CK+/neutral/,S062_003_00000001.png,neutral,5
gdrive/My Drive/FER-Model/CK+/disgust/,S062_005_00000029.png,disgust,2
gdrive/My Drive/FER-Model/CK+/neutral/,S014_002_00000001.png,neutral,5
gdrive/My Drive/FER-Model/CK+/neutral/,S106_001_00000001.png,neutral,5
gdrive/My Drive/FER-Model/CK+/neutral/,S092_003_00000001.png,neutral,5
gdrive/My Drive/FER-Model/CK+/sadness/,S136_003_00000014.png,sadness,6
gdrive/My Drive/FER-Model/CK+/contempt/,S151_002_00000029.png,contempt,1
gdrive/My Drive/FER-Model/CK+/surprise/,S101_002_00000019.png,surprise,7
gdrive/My Drive/FER-Model/CK+/neutral/,S504_002_00000001.png,neutral,5
gdrive/My Drive/FER-Model/CK+/neutral/,S088_001_00000001.png,neutral,5
gdrive/My Drive/FER-Model/CK+/neutral/,S082_004_00000001.png,neutral,5
gdrive/My Drive/FER-Model/CK+/sadness/,S506_006_00000042.png,sadness,6
gdrive/My Drive/FER-Model/CK+/neutral/,S128_002_00000001.png,neutral,5
gdrive/My Drive/FER-Model/CK+/disgust/,S125_008_00000010.png,disgust,2
gdrive/My Drive/FER-Model/CK+/surprise/,S061_001_00000012.png,surprise,7
gdrive/My Drive/FER-Model/CK+/neutral/,S103_002_00000001.png,neutral,5
gdrive/My Drive/FER-Model/CK+/neutral/,S079_001_00000001.png,neutral,5
gdrive/My Drive/FER-Model/CK+/happiness/,S078_004_00000027.png,happiness,4
gdrive/My Drive/FER-Model/CK+/neutral/,S149_002_00000001.png,neutral,5
gdrive/My Drive/FER-Model/CK+/happiness/,S095_007_00000021.png,happiness,4
gdrive/My Drive/FER-Model/CK+/neutral/,S137_003_00000001.png,neutral,5
gdrive/My Drive/FER-Model/CK+/neutral/,S117_005_00000001.png,neutral,5
gdrive/My Drive/FER-Model/CK+/neutral/,S057_006_00000001.png,neutral,5
gdrive/My Drive/FER-Model/CK+/neutral/,S054_003_00000001.png,neutral,5
gdrive/My Drive/FER-Model/CK+/happiness/,S067_005_00000022.png,happiness,4
gdrive/My Drive/FER-Model/CK+/anger/,S028_001_00000024.png,anger,0
gdrive/My Drive/FER-Model/CK+/neutral/,S503_001_00000001.png,neutral,5
gdrive/My Drive/FER-Model/CK+/surprise/,S099_001_00000014.png,surprise,7
gdrive/My Drive/FER-Model/CK+/neutral/,S097_005_00000001.png,neutral,5
gdrive/My Drive/FER-Model/CK+/neutral/,S042_002_00000001.png,neutral,5
gdrive/My Drive/FER-Model/CK+/neutral/,S022_004_00000001.png,neutral,5
gdrive/My Drive/FER-Model/CK+/neutral/,S082_006_00000001.png,neutral,5
gdrive/My Drive/FER-Model/CK+/neutral/,S138_003_00000001.png,neutral,5
gdrive/My Drive/FER-Model/CK+/neutral/,S010_001_00000001.png,neutral,5
gdrive/My Drive/FER-Model/CK+/neutral/,S053_004_00000001.png,neutral,5
gdrive/My Drive/FER-Model/CK+/neutral/,S129_012_00000001.png,neutral,5
gdrive/My Drive/FER-Model/CK+/neutral/,S011_005_00000001.png,neutral,5
gdrive/My Drive/FER-Model/CK+/surprise/,S074_002_00000016.png,surprise,7
gdrive/My Drive/FER-Model/CK+/surprise/,S068_003_00000014.png,surprise,7
gdrive/My Drive/FER-Model/CK+/neutral/,S117_006_00000001.png,neutral,5
gdrive/My Drive/FER-Model/CK+/neutral/,S132_004_00000001.png,neutral,5
gdrive/My Drive/FER-Model/CK+/disgust/,S071_006_00000014.png,disgust,2
gdrive/My Drive/FER-Model/CK+/surprise/,S058_001_00000020.png,surprise,7
gdrive/My Drive/FER-Model/CK+/neutral/,S062_001_00000001.png,neutral,5
gdrive/My Drive/FER-Model/CK+/neutral/,S105_005_00000001.png,neutral,5
gdrive/My Drive/FER-Model/CK+/disgust/,S098_003_00000013.png,disgust,2
gdrive/My Drive/FER-Model/CK+/neutral/,S155_002_00000001.png,neutral,5
gdrive/My Drive/FER-Model/CK+/contempt/,S506_002_00000009.png,contempt,1
gdrive/My Drive/FER-Model/CK+/anger/,S134_003_00000011.png,anger,0
gdrive/My Drive/FER-Model/CK+/happiness/,S132_006_00000023.png,happiness,4
gdrive/My Drive/FER-Model/CK+/surprise/,S113_001_00000012.png,surprise,7
gdrive/My Drive/FER-Model/CK+/neutral/,S097_003_00000001.png,neutral,5
gdrive/My Drive/FER-Model/CK+/neutral/,S044_005_00000001.png,neutral,5
gdrive/My Drive/FER-Model/CK+/sadness/,S026_002_00000016.png,sadness,6
gdrive/My Drive/FER-Model/CK+/happiness/,S106_006_00000011.png,happiness,4
gdrive/My Drive/FER-Model/CK+/surprise/,S080_001_00000018.png,surprise,7
gdrive/My Drive/FER-Model/CK+/happiness/,S061_002_00000015.png,happiness,4
gdrive/My Drive/FER-Model/CK+/neutral/,S073_002_00000001.png,neutral,5
gdrive/My Drive/FER-Model/CK+/neutral/,S122_001_00000001.png,neutral,5
gdrive/My Drive/FER-Model/CK+/neutral/,S050_001_00000001.png,neutral,5
gdrive/My Drive/FER-Model/CK+/neutral/,S095_005_00000001.png,neutral,5
gdrive/My Drive/FER-Model/CK+/anger/,S504_001_00000022.png,anger,0
gdrive/My Drive/FER-Model/CK+/happiness/,S060_002_00000026.png,happiness,4
gdrive/My Drive/FER-Model/CK+/neutral/,S010_002_00000001.png,neutral,5
gdrive/My Drive/FER-Model/CK+/contempt/,S895_002_00000007.png,contempt,1
gdrive/My Drive/FER-Model/CK+/surprise/,S051_002_00000019.png,surprise,7
gdrive/My Drive/FER-Model/CK+/neutral/,S108_002_00000001.png,neutral,5
gdrive/My Drive/FER-Model/CK+/neutral/,S052_001_00000001.png,neutral,5
gdrive/My Drive/FER-Model/CK+/neutral/,S081_002_00000001.png,neutral,5
gdrive/My Drive/FER-Model/CK+/neutral/,S058_003_00000001.png,neutral,5
gdrive/My Drive/FER-Model/CK+/neutral/,S082_002_00000001.png,neutral,5
gdrive/My Drive/FER-Model/CK+/neutral/,S100_003_00000001.png,neutral,5
gdrive/My Drive/FER-Model/CK+/neutral/,S120_002_00000001.png,neutral,5
gdrive/My Drive/FER-Model/CK+/neutral/,S506_006_00000001.png,neutral,5
gdrive/My Drive/FER-Model/CK+/neutral/,S092_004_00000001.png,neutral,5
gdrive/My Drive/FER-Model/CK+/disgust/,S082_007_00000010.png,disgust,2
gdrive/My Drive/FER-Model/CK+/neutral/,S037_006_00000001.png,neutral,5
gdrive/My Drive/FER-Model/CK+/neutral/,S080_005_00000001.png,neutral,5
gdrive/My Drive/FER-Model/CK+/neutral/,S118_002_00000001.png,neutral,5
gdrive/My Drive/FER-Model/CK+/neutral/,S131_005_00000001.png,neutral,5
gdrive/My Drive/FER-Model/CK+/neutral/,S055_004_00000001.png,neutral,5
gdrive/My Drive/FER-Model/CK+/surprise/,S037_001_00000020.png,surprise,7
gdrive/My Drive/FER-Model/CK+/disgust/,S088_004_00000020.png,disgust,2
gdrive/My Drive/FER-Model/CK+/surprise/,S086_001_00000019.png,surprise,7
gdrive/My Drive/FER-Model/CK+/neutral/,S157_002_00000001.png,neutral,5
gdrive/My Drive/FER-Model/CK+/neutral/,S055_003_00000001.png,neutral,5
gdrive/My Drive/FER-Model/CK+/neutral/,S112_002_00000001.png,neutral,5
gdrive/My Drive/FER-Model/CK+/neutral/,S132_005_00000001.png,neutral,5
gdrive/My Drive/FER-Model/CK+/contempt/,S147_002_00000013.png,contempt,1
gdrive/My Drive/FER-Model/CK+/happiness/,S044_003_00000014.png,happiness,4
gdrive/My Drive/FER-Model/CK+/neutral/,S066_003_00000001.png,neutral,5
gdrive/My Drive/FER-Model/CK+/anger/,S022_005_00000032.png,anger,0
gdrive/My Drive/FER-Model/CK+/happiness/,S083_003_00000019.png,happiness,4
gdrive/My Drive/FER-Model/CK+/surprise/,S081_001_00000019.png,surprise,7
gdrive/My Drive/FER-Model/CK+/fear/,S054_002_00000015.png,fear,3
gdrive/My Drive/FER-Model/CK+/neutral/,S100_002_00000001.png,neutral,5
gdrive/My Drive/FER-Model/CK+/neutral/,S078_007_00000001.png,neutral,5
gdrive/My Drive/FER-Model/CK+/anger/,S087_007_00000016.png,anger,0
gdrive/My Drive/FER-Model/CK+/neutral/,S132_001_00000001.png,neutral,5
gdrive/My Drive/FER-Model/CK+/happiness/,S108_008_00000013.png,happiness,4
gdrive/My Drive/FER-Model/CK+/neutral/,S105_003_00000001.png,neutral,5
gdrive/My Drive/FER-Model/CK+/neutral/,S060_002_00000001.png,neutral,5
gdrive/My Drive/FER-Model/CK+/neutral/,S130_012_00000001.png,neutral,5
gdrive/My Drive/FER-Model/CK+/disgust/,S077_006_00000014.png,disgust,2
gdrive/My Drive/FER-Model/CK+/neutral/,S122_004_00000001.png,neutral,5
gdrive/My Drive/FER-Model/CK+/neutral/,S113_003_00000001.png,neutral,5
gdrive/My Drive/FER-Model/CK+/sadness/,S108_005_00000022.png,sadness,6
gdrive/My Drive/FER-Model/CK+/happiness/,S135_012_00000020.png,happiness,4
gdrive/My Drive/FER-Model/CK+/neutral/,S147_002_00000001.png,neutral,5
gdrive/My Drive/FER-Model/CK+/neutral/,S014_005_00000001.png,neutral,5
gdrive/My Drive/FER-Model/CK+/neutral/,S128_003_00000001.png,neutral,5
gdrive/My Drive/FER-Model/CK+/anger/,S506_001_00000040.png,anger,0
gdrive/My Drive/FER-Model/CK+/neutral/,S102_002_00000001.png,neutral,5
gdrive/My Drive/FER-Model/CK+/neutral/,S118_004_00000001.png,neutral,5
gdrive/My Drive/FER-Model/CK+/happiness/,S072_006_00000022.png,happiness,4
gdrive/My Drive/FER-Model/CK+/neutral/,S095_002_00000001.png,neutral,5
gdrive/My Drive/FER-Model/CK+/happiness/,S074_005_00000043.png,happiness,4
gdrive/My Drive/FER-Model/CK+/neutral/,S138_008_00000001.png,neutral,5
gdrive/My Drive/FER-Model/CK+/anger/,S112_005_00000017.png,anger,0
gdrive/My Drive/FER-Model/CK+/happiness/,S097_006_00000019.png,happiness,4
gdrive/My Drive/FER-Model/CK+/neutral/,S054_004_00000001.png,neutral,5
gdrive/My Drive/FER-Model/CK+/neutral/,S125_001_00000001.png,neutral,5
gdrive/My Drive/FER-Model/CK+/surprise/,S127_001_00000017.png,surprise,7
gdrive/My Drive/FER-Model/CK+/neutral/,S505_002_00000001.png,neutral,5
gdrive/My Drive/FER-Model/CK+/neutral/,S026_004_00000001.png,neutral,5
gdrive/My Drive/FER-Model/CK+/fear/,S999_003_00000055.png,fear,3
gdrive/My Drive/FER-Model/CK+/neutral/,S042_001_00000001.png,neutral,5
gdrive/My Drive/FER-Model/CK+/neutral/,S037_003_00000001.png,neutral,5
gdrive/My Drive/FER-Model/CK+/neutral/,S010_004_00000001.png,neutral,5
gdrive/My Drive/FER-Model/CK+/neutral/,S087_004_00000001.png,neutral,5
gdrive/My Drive/FER-Model/CK+/disgust/,S065_005_00000008.png,disgust,2
gdrive/My Drive/FER-Model/CK+/neutral/,S132_002_00000001.png,neutral,5
gdrive/My Drive/FER-Model/CK+/neutral/,S132_008_00000001.png,neutral,5
gdrive/My Drive/FER-Model/CK+/surprise/,S102_002_00000018.png,surprise,7
gdrive/My Drive/FER-Model/CK+/neutral/,S125_008_00000001.png,neutral,5
gdrive/My Drive/FER-Model/CK+/contempt/,S157_002_00000011.png,contempt,1
gdrive/My Drive/FER-Model/CK+/happiness/,S063_002_00000023.png,happiness,4
gdrive/My Drive/FER-Model/CK+/neutral/,S130_007_00000001.png,neutral,5
gdrive/My Drive/FER-Model/CK+/neutral/,S078_006_00000001.png,neutral,5
gdrive/My Drive/FER-Model/CK+/neutral/,S506_004_00000001.png,neutral,5
gdrive/My Drive/FER-Model/CK+/neutral/,S082_007_00000001.png,neutral,5
gdrive/My Drive/FER-Model/CK+/neutral/,S064_004_00000001.png,neutral,5
gdrive/My Drive/FER-Model/CK+/sadness/,S080_005_00000013.png,sadness,6
gdrive/My Drive/FER-Model/CK+/neutral/,S138_007_00000001.png,neutral,5
gdrive/My Drive/FER-Model/CK+/neutral/,S022_003_00000001.png,neutral,5
gdrive/My Drive/FER-Model/CK+/disgust/,S056_002_00000010.png,disgust,2
gdrive/My Drive/FER-Model/CK+/happiness/,S129_012_00000011.png,happiness,4
gdrive/My Drive/FER-Model/CK+/neutral/,S011_004_00000001.png,neutral,5
gdrive/My Drive/FER-Model/CK+/neutral/,S061_002_00000001.png,neutral,5
gdrive/My Drive/FER-Model/CK+/neutral/,S501_006_00000001.png,neutral,5
gdrive/My Drive/FER-Model/CK+/surprise/,S131_001_00000016.png,surprise,7
gdrive/My Drive/FER-Model/CK+/neutral/,S099_007_00000001.png,neutral,5
gdrive/My Drive/FER-Model/CK+/neutral/,S050_002_00000001.png,neutral,5
gdrive/My Drive/FER-Model/CK+/neutral/,S502_001_00000001.png,neutral,5
gdrive/My Drive/FER-Model/CK+/neutral/,S085_002_00000001.png,neutral,5
gdrive/My Drive/FER-Model/CK+/happiness/,S070_003_00000017.png,happiness,4
gdrive/My Drive/FER-Model/CK+/disgust/,S116_006_00000007.png,disgust,2
gdrive/My Drive/FER-Model/CK+/surprise/,S117_001_00000014.png,surprise,7
gdrive/My Drive/FER-Model/CK+/sadness/,S014_002_00000016.png,sadness,6
gdrive/My Drive/FER-Model/CK+/surprise/,S065_003_00000022.png,surprise,7
gdrive/My Drive/FER-Model/CK+/neutral/,S132_007_00000001.png,neutral,5
gdrive/My Drive/FER-Model/CK+/fear/,S117_003_00000014.png,fear,3
gdrive/My Drive/FER-Model/CK+/contempt/,S160_006_00000010.png,contempt,1
gdrive/My Drive/FER-Model/CK+/fear/,S125_006_00000022.png,fear,3
gdrive/My Drive/FER-Model/CK+/neutral/,S503_006_00000001.png,neutral,5
gdrive/My Drive/FER-Model/CK+/sadness/,S011_002_00000022.png,sadness,6
gdrive/My Drive/FER-Model/CK+/neutral/,S026_006_00000001.png,neutral,5
gdrive/My Drive/FER-Model/CK+/neutral/,S113_004_00000001.png,neutral,5
gdrive/My Drive/FER-Model/CK+/anger/,S111_006_00000010.png,anger,0
gdrive/My Drive/FER-Model/CK+/neutral/,S097_006_00000001.png,neutral,5
gdrive/My Drive/FER-Model/CK+/neutral/,S129_004_00000001.png,neutral,5
gdrive/My Drive/FER-Model/CK+/neutral/,S055_006_00000001.png,neutral,5
gdrive/My Drive/FER-Model/CK+/neutral/,S133_004_00000001.png,neutral,5
gdrive/My Drive/FER-Model/CK+/neutral/,S089_003_00000001.png,neutral,5
gdrive/My Drive/FER-Model/CK+/neutral/,S087_007_00000001.png,neutral,5
gdrive/My Drive/FER-Model/CK+/neutral/,S119_001_00000001.png,neutral,5
gdrive/My Drive/FER-Model/CK+/neutral/,S078_005_00000001.png,neutral,5
gdrive/My Drive/FER-Model/CK+/surprise/,S044_001_00000024.png,surprise,7
gdrive/My Drive/FER-Model/CK+/fear/,S062_001_00000017.png,fear,3
gdrive/My Drive/FER-Model/CK+/neutral/,S108_006_00000001.png,neutral,5
gdrive/My Drive/FER-Model/CK+/happiness/,S096_004_00000011.png,happiness,4
gdrive/My Drive/FER-Model/CK+/neutral/,S091_002_00000001.png,neutral,5
gdrive/My Drive/FER-Model/CK+/neutral/,S130_005_00000001.png,neutral,5
gdrive/My Drive/FER-Model/CK+/neutral/,S154_002_00000001.png,neutral,5
gdrive/My Drive/FER-Model/CK+/neutral/,S081_005_00000001.png,neutral,5
gdrive/My Drive/FER-Model/CK+/neutral/,S111_006_00000001.png,neutral,5
gdrive/My Drive/FER-Model/CK+/disgust/,S111_007_00000014.png,disgust,2
gdrive/My Drive/FER-Model/CK+/neutral/,S081_004_00000001.png,neutral,5
gdrive/My Drive/FER-Model/CK+/neutral/,S113_007_00000001.png,neutral,5
gdrive/My Drive/FER-Model/CK+/neutral/,S068_005_00000001.png,neutral,5
gdrive/My Drive/FER-Model/CK+/disgust/,S106_004_00000008.png,disgust,2
gdrive/My Drive/FER-Model/CK+/neutral/,S078_003_00000001.png,neutral,5
gdrive/My Drive/FER-Model/CK+/disgust/,S107_005_00000011.png,disgust,2
gdrive/My Drive/FER-Model/CK+/neutral/,S137_001_00000001.png,neutral,5
gdrive/My Drive/FER-Model/CK+/neutral/,S134_002_00000001.png,neutral,5
gdrive/My Drive/FER-Model/CK+/neutral/,S014_003_00000001.png,neutral,5
gdrive/My Drive/FER-Model/CK+/neutral/,S111_002_00000001.png,neutral,5
gdrive/My Drive/FER-Model/CK+/surprise/,S060_003_00000018.png,surprise,7
gdrive/My Drive/FER-Model/CK+/happiness/,S066_003_00000012.png,happiness,4
gdrive/My Drive/FER-Model/CK+/neutral/,S113_002_00000001.png,neutral,5
gdrive/My Drive/FER-Model/CK+/surprise/,S130_001_00000018.png,surprise,7
gdrive/My Drive/FER-Model/CK+/neutral/,S096_003_00000001.png,neutral,5
gdrive/My Drive/FER-Model/CK+/neutral/,S037_002_00000001.png,neutral,5
gdrive/My Drive/FER-Model/CK+/neutral/,S151_002_00000001.png,neutral,5
gdrive/My Drive/FER-Model/CK+/anger/,S045_005_00000030.png,anger,0
gdrive/My Drive/FER-Model/CK+/neutral/,S135_001_00000001.png,neutral,5
gdrive/My Drive/FER-Model/CK+/neutral/,S082_003_00000001.png,neutral,5
gdrive/My Drive/FER-Model/CK+/surprise/,S011_001_00000016.png,surprise,7
gdrive/My Drive/FER-Model/CK+/neutral/,S090_007_00000001.png,neutral,5
gdrive/My Drive/FER-Model/CK+/neutral/,S065_003_00000001.png,neutral,5
gdrive/My Drive/FER-Model/CK+/neutral/,S014_001_00000001.png,neutral,5
gdrive/My Drive/FER-Model/CK+/fear/,S050_001_00000017.png,fear,3
gdrive/My Drive/FER-Model/CK+/neutral/,S077_003_00000001.png,neutral,5
gdrive/My Drive/FER-Model/CK+/surprise/,S085_003_00000013.png,surprise,7
gdrive/My Drive/FER-Model/CK+/disgust/,S068_005_00000021.png,disgust,2
gdrive/My Drive/FER-Model/CK+/anger/,S117_006_00000010.png,anger,0
gdrive/My Drive/FER-Model/CK+/neutral/,S034_001_00000001.png,neutral,5
gdrive/My Drive/FER-Model/CK+/neutral/,S079_004_00000001.png,neutral,5
gdrive/My Drive/FER-Model/CK+/neutral/,S137_004_00000001.png,neutral,5
gdrive/My Drive/FER-Model/CK+/happiness/,S037_006_00000021.png,happiness,4
gdrive/My Drive/FER-Model/CK+/neutral/,S118_006_00000001.png,neutral,5
gdrive/My Drive/FER-Model/CK+/neutral/,S138_001_00000001.png,neutral,5
gdrive/My Drive/FER-Model/CK+/neutral/,S058_002_00000001.png,neutral,5
gdrive/My Drive/FER-Model/CK+/neutral/,S131_001_00000001.png,neutral,5
gdrive/My Drive/FER-Model/CK+/happiness/,S075_006_00000025.png,happiness,4
gdrive/My Drive/FER-Model/CK+/neutral/,S102_004_00000001.png,neutral,5
gdrive/My Drive/FER-Model/CK+/anger/,S130_007_00000020.png,anger,0
gdrive/My Drive/FER-Model/CK+/fear/,S084_002_00000023.png,fear,3
gdrive/My Drive/FER-Model/CK+/disgust/,S079_002_00000012.png,disgust,2
gdrive/My Drive/FER-Model/CK+/neutral/,S079_003_00000001.png,neutral,5
gdrive/My Drive/FER-Model/CK+/neutral/,S092_001_00000001.png,neutral,5
gdrive/My Drive/FER-Model/CK+/surprise/,S116_001_00000014.png,surprise,7
gdrive/My Drive/FER-Model/CK+/neutral/,S058_006_00000001.png,neutral,5
gdrive/My Drive/FER-Model/CK+/neutral/,S029_001_00000001.png,neutral,5
gdrive/My Drive/FER-Model/CK+/neutral/,S117_004_00000001.png,neutral,5
gdrive/My Drive/FER-Model/CK+/sadness/,S125_001_00000014.png,sadness,6
gdrive/My Drive/FER-Model/CK+/neutral/,S053_001_00000001.png,neutral,5
gdrive/My Drive/FER-Model/CK+/neutral/,S081_003_00000001.png,neutral,5
gdrive/My Drive/FER-Model/CK+/neutral/,S104_003_00000001.png,neutral,5
gdrive/My Drive/FER-Model/CK+/happiness/,S115_008_00000017.png,happiness,4
gdrive/My Drive/FER-Model/CK+/neutral/,S115_002_00000001.png,neutral,5
gdrive/My Drive/FER-Model/CK+/neutral/,S504_006_00000001.png,neutral,5
gdrive/My Drive/FER-Model/CK+/neutral/,S067_005_00000001.png,neutral,5
gdrive/My Drive/FER-Model/CK+/sadness/,S503_006_00000020.png,sadness,6
gdrive/My Drive/FER-Model/CK+/neutral/,S078_002_00000001.png,neutral,5
gdrive/My Drive/FER-Model/CK+/neutral/,S110_005_00000001.png,neutral,5
gdrive/My Drive/FER-Model/CK+/disgust/,S078_007_00000013.png,disgust,2
gdrive/My Drive/FER-Model/CK+/disgust/,S124_006_00000011.png,disgust,2
gdrive/My Drive/FER-Model/CK+/happiness/,S065_004_00000028.png,happiness,4
gdrive/My Drive/FER-Model/CK+/neutral/,S068_003_00000001.png,neutral,5
gdrive/My Drive/FER-Model/CK+/neutral/,S895_002_00000001.png,neutral,5
gdrive/My Drive/FER-Model/CK+/neutral/,S999_003_00000001.png,neutral,5
gdrive/My Drive/FER-Model/CK+/happiness/,S089_002_00000021.png,happiness,4
gdrive/My Drive/FER-Model/CK+/disgust/,S035_005_00000019.png,disgust,2
gdrive/My Drive/FER-Model/CK+/neutral/,S034_003_00000001.png,neutral,5
gdrive/My Drive/FER-Model/CK+/neutral/,S115_008_00000001.png,neutral,5
gdrive/My Drive/FER-Model/CK+/neutral/,S131_007_00000001.png,neutral,5
gdrive/My Drive/FER-Model/CK+/disgust/,S095_006_00000013.png,disgust,2
gdrive/My Drive/FER-Model/CK+/sadness/,S042_002_00000016.png,sadness,6
gdrive/My Drive/FER-Model/CK+/neutral/,S076_006_00000001.png,neutral,5
gdrive/My Drive/FER-Model/CK+/neutral/,S092_002_00000001.png,neutral,5
gdrive/My Drive/FER-Model/CK+/neutral/,S106_004_00000001.png,neutral,5
gdrive/My Drive/FER-Model/CK+/neutral/,S074_003_00000001.png,neutral,5
gdrive/My Drive/FER-Model/CK+/neutral/,S057_002_00000001.png,neutral,5
gdrive/My Drive/FER-Model/CK+/neutral/,S129_005_00000001.png,neutral,5
gdrive/My Drive/FER-Model/CK+/neutral/,S124_005_00000001.png,neutral,5
gdrive/My Drive/FER-Model/CK+/neutral/,S135_003_00000001.png,neutral,5
gdrive/My Drive/FER-Model/CK+/neutral/,S125_003_00000001.png,neutral,5
gdrive/My Drive/FER-Model/CK+/neutral/,S133_001_00000001.png,neutral,5
gdrive/My Drive/FER-Model/CK+/anger/,S503_001_00000071.png,anger,0
gdrive/My Drive/FER-Model/CK+/neutral/,S094_001_00000001.png,neutral,5
gdrive/My Drive/FER-Model/CK+/neutral/,S081_008_00000001.png,neutral,5
gdrive/My Drive/FER-Model/CK+/neutral/,S053_003_00000001.png,neutral,5
gdrive/My Drive/FER-Model/CK+/neutral/,S050_006_00000001.png,neutral,5
gdrive/My Drive/FER-Model/CK+/surprise/,S026_001_00000015.png,surprise,7
gdrive/My Drive/FER-Model/CK+/anger/,S066_005_00000011.png,anger,0
gdrive/My Drive/FER-Model/CK+/fear/,S055_006_00000008.png,fear,3
gdrive/My Drive/FER-Model/CK+/neutral/,S046_003_00000001.png,neutral,5
gdrive/My Drive/FER-Model/CK+/neutral/,S011_006_00000001.png,neutral,5
gdrive/My Drive/FER-Model/CK+/neutral/,S059_002_00000001.png,neutral,5
gdrive/My Drive/FER-Model/CK+/anger/,S050_004_00000021.png,anger,0
gdrive/My Drive/FER-Model/CK+/neutral/,S052_002_00000001.png,neutral,5
gdrive/My Drive/FER-Model/CK+/neutral/,S035_005_00000001.png,neutral,5
gdrive/My Drive/FER-Model/CK+/surprise/,S071_001_00000013.png,surprise,7
gdrive/My Drive/FER-Model/CK+/happiness/,S079_004_00000026.png,happiness,4
gdrive/My Drive/FER-Model/CK+/neutral/,S115_007_00000001.png,neutral,5
gdrive/My Drive/FER-Model/CK+/anger/,S072_005_00000019.png,anger,0
gdrive/My Drive/FER-Model/CK+/neutral/,S072_005_00000001.png,neutral,5
gdrive/My Drive/FER-Model/CK+/neutral/,S058_005_00000001.png,neutral,5
gdrive/My Drive/FER-Model/CK+/neutral/,S116_007_00000001.png,neutral,5
gdrive/My Drive/FER-Model/CK+/neutral/,S119_002_00000001.png,neutral,5
gdrive/My Drive/FER-Model/CK+/fear/,S132_003_00000023.png,fear,3
gdrive/My Drive/FER-Model/CK+/happiness/,S032_006_00000016.png,happiness,4
gdrive/My Drive/FER-Model/CK+/disgust/,S087_004_00000012.png,disgust,2
gdrive/My Drive/FER-Model/CK+/neutral/,S067_001_00000001.png,neutral,5
gdrive/My Drive/FER-Model/CK+/neutral/,S999_001_00000001.png,neutral,5
gdrive/My Drive/FER-Model/CK+/surprise/,S088_001_00000017.png,surprise,7
gdrive/My Drive/FER-Model/CK+/neutral/,S110_007_00000001.png,neutral,5
gdrive/My Drive/FER-Model/CK+/disgust/,S074_004_00000018.png,disgust,2
gdrive/My Drive/FER-Model/CK+/neutral/,S026_001_00000001.png,neutral,5
gdrive/My Drive/FER-Model/CK+/neutral/,S114_001_00000001.png,neutral,5
gdrive/My Drive/FER-Model/CK+/neutral/,S127_003_00000001.png,neutral,5
gdrive/My Drive/FER-Model/CK+/neutral/,S084_001_00000001.png,neutral,5
gdrive/My Drive/FER-Model/CK+/disgust/,S096_003_00000012.png,disgust,2
gdrive/My Drive/FER-Model/CK+/neutral/,S010_006_00000001.png,neutral,5
gdrive/My Drive/FER-Model/CK+/neutral/,S059_001_00000001.png,neutral,5
gdrive/My Drive/FER-Model/CK+/neutral/,S034_002_00000001.png,neutral,5
gdrive/My Drive/FER-Model/CK+/neutral/,S502_002_00000001.png,neutral,5
gdrive/My Drive/FER-Model/CK+/neutral/,S074_005_00000001.png,neutral,5
gdrive/My Drive/FER-Model/CK+/neutral/,S105_006_00000001.png,neutral,5
gdrive/My Drive/FER-Model/CK+/neutral/,S118_005_00000001.png,neutral,5
gdrive/My Drive/FER-Model/CK+/neutral/,S045_002_00000001.png,neutral,5
gdrive/My Drive/FER-Model/CK+/anger/,S029_001_00000019.png,anger,0
gdrive/My Drive/FER-Model/CK+/neutral/,S117_002_00000001.png,neutral,5
gdrive/My Drive/FER-Model/CK+/sadness/,S081_002_00000024.png,sadness,6
gdrive/My Drive/FER-Model/CK+/happiness/,S068_002_00000015.png,happiness,4
gdrive/My Drive/FER-Model/CK+/neutral/,S099_002_00000001.png,neutral,5
gdrive/My Drive/FER-Model/CK+/neutral/,S075_002_00000001.png,neutral,5
gdrive/My Drive/FER-Model/CK+/neutral/,S073_001_00000001.png,neutral,5
gdrive/My Drive/FER-Model/CK+/disgust/,S131_010_00000018.png,disgust,2
gdrive/My Drive/FER-Model/CK+/neutral/,S160_006_00000001.png,neutral,5
gdrive/My Drive/FER-Model/CK+/surprise/,S115_001_00000008.png,surprise,7
gdrive/My Drive/FER-Model/CK+/neutral/,S035_003_00000001.png,neutral,5
gdrive/My Drive/FER-Model/CK+/surprise/,S078_001_00000033.png,surprise,7
gdrive/My Drive/FER-Model/CK+/happiness/,S099_004_00000015.png,happiness,4
gdrive/My Drive/FER-Model/CK+/contempt/,S158_002_00000011.png,contempt,1
gdrive/My Drive/FER-Model/CK+/neutral/,S073_006_00000001.png,neutral,5
gdrive/My Drive/FER-Model/CK+/neutral/,S114_003_00000001.png,neutral,5
gdrive/My Drive/FER-Model/CK+/neutral/,S129_003_00000001.png,neutral,5
gdrive/My Drive/FER-Model/CK+/neutral/,S037_004_00000001.png,neutral,5
gdrive/My Drive/FER-Model/CK+/surprise/,S032_001_00000022.png,surprise,7
gdrive/My Drive/FER-Model/CK+/surprise/,S046_002_00000006.png,surprise,7
gdrive/My Drive/FER-Model/CK+/neutral/,S057_005_00000001.png,neutral,5
gdrive/My Drive/FER-Model/CK+/surprise/,S095_001_00000016.png,surprise,7
gdrive/My Drive/FER-Model/CK+/surprise/,S034_001_00000029.png,surprise,7
gdrive/My Drive/FER-Model/CK+/neutral/,S075_004_00000001.png,neutral,5
gdrive/My Drive/FER-Model/CK+/contempt/,S138_008_00000009.png,contempt,1
gdrive/My Drive/FER-Model/CK+/neutral/,S137_002_00000001.png,neutral,5
gdrive/My Drive/FER-Model/CK+/neutral/,S087_003_00000001.png,neutral,5
gdrive/My Drive/FER-Model/CK+/happiness/,S134_004_00000015.png,happiness,4
gdrive/My Drive/FER-Model/CK+/disgust/,S102_009_00000015.png,disgust,2
gdrive/My Drive/FER-Model/CK+/neutral/,S077_004_00000001.png,neutral,5
gdrive/My Drive/FER-Model/CK+/surprise/,S111_001_00000014.png,surprise,7
gdrive/My Drive/FER-Model/CK+/neutral/,S138_005_00000001.png,neutral,5
gdrive/My Drive/FER-Model/CK+/neutral/,S051_001_00000001.png,neutral,5
